image_urls,name,url
,,https://bbs.hupu.com/25814835.html
,嘻嘻第一次发视频,https://bbs.hupu.com/29097580.html
,对面的小姐姐能有几分。偷拍,https://bbs.hupu.com/29131171.html
,这是我的故事，别问我为什么总发视频照片了，哥们干这个的！我有钱不需要广告。,https://bbs.hupu.com/29129354.html
,厦门台风，能把你吹到我身边吗,https://bbs.hupu.com/29111780.html
,打个分吧！这波不要门票看了一次老男人，给老男人颜值打几分！,https://bbs.hupu.com/26502444.html
,一个月了，依然无法忘怀这个穿军训服的女孩,https://bbs.hupu.com/29085426.html
,在家里真的好无聊,https://bbs.hupu.com/28515705.html
,我们村草，人帅又够义气，兄弟萌这什么水平,https://bbs.hupu.com/29110069.html
,猫猫攻击前一瞬间的眼睛变化,https://bbs.hupu.com/29114584.html
,这就是大家喜欢的初恋脸吧,https://bbs.hupu.com/29063580.html
,35岁大叔，哈哈,https://bbs.hupu.com/29100118.html
,我是来求图的，视频里的动图有木有，全能的jr们,https://bbs.hupu.com/29102331.html
,全是女jr在爆照，男jr也想被夸夸！,https://bbs.hupu.com/29101642.html
,我这眼睛什么水平,https://bbs.hupu.com/29048408.html
,发个她的自拍视频 涉及隐私露脸部分裁剪掉了,https://bbs.hupu.com/29082141.html
,和兄弟们的欢乐斗牛！,https://bbs.hupu.com/29077438.html
,这腿也太长了吧！但我觉得不好看,https://bbs.hupu.com/29039527.html
,女朋友和我偶像，啥水平。,https://bbs.hupu.com/29036618.html
,女朋友变成男的,https://bbs.hupu.com/29061639.html
,对象上班摸鱼给我拍的，看到这个视频我心都化了哇，,https://bbs.hupu.com/29048466.html
,公司同事，蛮喜欢的一个妹子,https://bbs.hupu.com/29021398.html
,等了半个多月的衣服。湖人总冠军,https://bbs.hupu.com/29047933.html
,有没有感觉我们很像啊,https://bbs.hupu.com/28633382.html
,漫无目的的走着夜路，不知道谁能来接我下..,https://bbs.hupu.com/28944406.html
,爬高拉单杠,https://bbs.hupu.com/29047226.html
,给自己一个剪刀手,https://bbs.hupu.com/29042478.html
,她这条件配不配得上jr们呢？,https://bbs.hupu.com/29034487.html
,第二天约公司同事了，这个妹子蛮喜欢的，我也会一直更，希望能有出头之日,https://bbs.hupu.com/29035469.html
,素颜和化妆，哪个看着舒服,https://bbs.hupu.com/29000582.html
,这么美的冰雪女王你心动了吗,https://bbs.hupu.com/28995655.html
,jrs！！！抖音里看到的，这是我见过穿旗旗袍好看的,https://bbs.hupu.com/28998508.html
,这水可以养鲲吗？,https://bbs.hupu.com/29028291.html
,越来越喜欢红色,https://bbs.hupu.com/29002513.html
image_urls,name,url
,,https://bbs.hupu.com/25814835.html
,嘻嘻第一次发视频,https://bbs.hupu.com/29097580.html
,对面的小姐姐能有几分。偷拍,https://bbs.hupu.com/29131171.html
,这是我的故事，别问我为什么总发视频照片了，哥们干这个的！我有钱不需要广告。,https://bbs.hupu.com/29129354.html
,厦门台风，能把你吹到我身边吗,https://bbs.hupu.com/29111780.html
,打个分吧！这波不要门票看了一次老男人，给老男人颜值打几分！,https://bbs.hupu.com/26502444.html
,一个月了，依然无法忘怀这个穿军训服的女孩,https://bbs.hupu.com/29085426.html
,在家里真的好无聊,https://bbs.hupu.com/28515705.html
,我们村草，人帅又够义气，兄弟萌这什么水平,https://bbs.hupu.com/29110069.html
,猫猫攻击前一瞬间的眼睛变化,https://bbs.hupu.com/29114584.html
,这就是大家喜欢的初恋脸吧,https://bbs.hupu.com/29063580.html
,35岁大叔，哈哈,https://bbs.hupu.com/29100118.html
,我是来求图的，视频里的动图有木有，全能的jr们,https://bbs.hupu.com/29102331.html
,全是女jr在爆照，男jr也想被夸夸！,https://bbs.hupu.com/29101642.html
,我这眼睛什么水平,https://bbs.hupu.com/29048408.html
,发个她的自拍视频 涉及隐私露脸部分裁剪掉了,https://bbs.hupu.com/29082141.html
,和兄弟们的欢乐斗牛！,https://bbs.hupu.com/29077438.html
,这腿也太长了吧！但我觉得不好看,https://bbs.hupu.com/29039527.html
,女朋友和我偶像，啥水平。,https://bbs.hupu.com/29036618.html
,女朋友变成男的,https://bbs.hupu.com/29061639.html
,对象上班摸鱼给我拍的，看到这个视频我心都化了哇，,https://bbs.hupu.com/29048466.html
,公司同事，蛮喜欢的一个妹子,https://bbs.hupu.com/29021398.html
,等了半个多月的衣服。湖人总冠军,https://bbs.hupu.com/29047933.html
,有没有感觉我们很像啊,https://bbs.hupu.com/28633382.html
,漫无目的的走着夜路，不知道谁能来接我下..,https://bbs.hupu.com/28944406.html
,爬高拉单杠,https://bbs.hupu.com/29047226.html
,给自己一个剪刀手,https://bbs.hupu.com/29042478.html
,她这条件配不配得上jr们呢？,https://bbs.hupu.com/29034487.html
,第二天约公司同事了，这个妹子蛮喜欢的，我也会一直更，希望能有出头之日,https://bbs.hupu.com/29035469.html
,素颜和化妆，哪个看着舒服,https://bbs.hupu.com/29000582.html
,这么美的冰雪女王你心动了吗,https://bbs.hupu.com/28995655.html
,jrs！！！抖音里看到的，这是我见过穿旗旗袍好看的,https://bbs.hupu.com/28998508.html
,这水可以养鲲吗？,https://bbs.hupu.com/29028291.html
,越来越喜欢红色,https://bbs.hupu.com/29002513.html
